--
-- PostgreSQL database dump
--

\restrict 8bn21AfHoJLZYqsto35OyEybQep3Kr9I2YP47mwsHmuOn8XhJZan887prOQAWd5

-- Dumped from database version 17.6 (Debian 17.6-2.pgdg13+1)
-- Dumped by pg_dump version 17.6 (Debian 17.6-2.pgdg13+1)

SET statement_timeout = 0;
SET lock_timeout = 0;
SET idle_in_transaction_session_timeout = 0;
SET transaction_timeout = 0;
SET client_encoding = 'UTF8';
SET standard_conforming_strings = on;
SELECT pg_catalog.set_config('search_path', '', false);
SET check_function_bodies = false;
SET xmloption = content;
SET client_min_messages = warning;
SET row_security = off;

--
-- Name: pgcrypto; Type: EXTENSION; Schema: -; Owner: -
--

CREATE EXTENSION IF NOT EXISTS pgcrypto WITH SCHEMA public;


--
-- Name: EXTENSION pgcrypto; Type: COMMENT; Schema: -; Owner: 
--

COMMENT ON EXTENSION pgcrypto IS 'cryptographic functions';


SET default_tablespace = '';

SET default_table_access_method = heap;

--
-- Name: n_character_items; Type: TABLE; Schema: public; Owner: student
--

CREATE TABLE public.n_character_items (
    character_id integer NOT NULL,
    item_id integer NOT NULL,
    qty integer NOT NULL,
    CONSTRAINT n_character_items_qty_check CHECK ((qty >= 0))
);


ALTER TABLE public.n_character_items OWNER TO student;

--
-- Name: n_characters; Type: TABLE; Schema: public; Owner: student
--

CREATE TABLE public.n_characters (
    character_id integer NOT NULL,
    name character varying(16) NOT NULL,
    job_id integer
);


ALTER TABLE public.n_characters OWNER TO student;

--
-- Name: n_items; Type: TABLE; Schema: public; Owner: student
--

CREATE TABLE public.n_items (
    item_id integer NOT NULL,
    name character varying(32) NOT NULL
);


ALTER TABLE public.n_items OWNER TO student;

--
-- Name: n_jobs; Type: TABLE; Schema: public; Owner: student
--

CREATE TABLE public.n_jobs (
    job_id integer NOT NULL,
    name character varying(16) NOT NULL
);


ALTER TABLE public.n_jobs OWNER TO student;

--
-- Name: p_characters; Type: TABLE; Schema: public; Owner: student
--

CREATE TABLE public.p_characters (
    character_id integer NOT NULL,
    name character varying(16) NOT NULL,
    level integer NOT NULL,
    job_id integer,
    user_id integer
);


ALTER TABLE public.p_characters OWNER TO student;

--
-- Name: p_characters_character_id_seq; Type: SEQUENCE; Schema: public; Owner: student
--

ALTER TABLE public.p_characters ALTER COLUMN character_id ADD GENERATED ALWAYS AS IDENTITY (
    SEQUENCE NAME public.p_characters_character_id_seq
    START WITH 1
    INCREMENT BY 1
    NO MINVALUE
    NO MAXVALUE
    CACHE 1
);


--
-- Name: p_jobs; Type: TABLE; Schema: public; Owner: student
--

CREATE TABLE public.p_jobs (
    job_id integer NOT NULL,
    name character varying(16) NOT NULL,
    attack_gain integer NOT NULL,
    defense_gain integer NOT NULL,
    magic_gain integer NOT NULL
);


ALTER TABLE public.p_jobs OWNER TO student;

--
-- Name: p_users; Type: TABLE; Schema: public; Owner: student
--

CREATE TABLE public.p_users (
    user_id integer NOT NULL,
    name character varying(16) NOT NULL,
    email character varying(32) NOT NULL
);


ALTER TABLE public.p_users OWNER TO student;

--
-- Name: s_characters; Type: TABLE; Schema: public; Owner: student
--

CREATE TABLE public.s_characters (
    id integer NOT NULL,
    name character varying(16) NOT NULL,
    job character varying(16) NOT NULL,
    level integer NOT NULL,
    buff numeric(3,2) NOT NULL,
    guild character varying(32),
    last_login_at timestamp without time zone,
    created_on date NOT NULL,
    CONSTRAINT s_characters_level_check CHECK (((level >= 1) AND (level <= 99)))
);


ALTER TABLE public.s_characters OWNER TO student;

--
-- Name: s_characters_id_seq; Type: SEQUENCE; Schema: public; Owner: student
--

ALTER TABLE public.s_characters ALTER COLUMN id ADD GENERATED BY DEFAULT AS IDENTITY (
    SEQUENCE NAME public.s_characters_id_seq
    START WITH 1
    INCREMENT BY 1
    NO MINVALUE
    NO MAXVALUE
    CACHE 1
);


--
-- Name: s_users; Type: TABLE; Schema: public; Owner: student
--

CREATE TABLE public.s_users (
    id integer NOT NULL,
    name text NOT NULL,
    age integer
);


ALTER TABLE public.s_users OWNER TO student;

--
-- Name: x_character_items; Type: TABLE; Schema: public; Owner: student
--

CREATE TABLE public.x_character_items (
    character_id integer NOT NULL,
    item_id integer NOT NULL,
    qty integer NOT NULL,
    CONSTRAINT x_character_items_qty_check CHECK ((qty >= 0))
);


ALTER TABLE public.x_character_items OWNER TO student;

--
-- Name: x_characters; Type: TABLE; Schema: public; Owner: student
--

CREATE TABLE public.x_characters (
    character_id integer NOT NULL,
    name character varying(16) NOT NULL,
    level integer NOT NULL,
    job_id integer NOT NULL,
    created_at timestamp without time zone DEFAULT LOCALTIMESTAMP(0) NOT NULL,
    deleted_at timestamp without time zone,
    CONSTRAINT x_characters_check CHECK (((deleted_at IS NULL) OR (deleted_at >= created_at))),
    CONSTRAINT x_characters_level_check CHECK (((level >= 1) AND (level <= 255)))
);


ALTER TABLE public.x_characters OWNER TO student;

--
-- Name: x_characters_character_id_seq; Type: SEQUENCE; Schema: public; Owner: student
--

ALTER TABLE public.x_characters ALTER COLUMN character_id ADD GENERATED BY DEFAULT AS IDENTITY (
    SEQUENCE NAME public.x_characters_character_id_seq
    START WITH 1
    INCREMENT BY 1
    NO MINVALUE
    NO MAXVALUE
    CACHE 1
);


--
-- Name: x_gold_transfers; Type: TABLE; Schema: public; Owner: student
--

CREATE TABLE public.x_gold_transfers (
    transfer_id uuid DEFAULT gen_random_uuid() NOT NULL,
    from_character_id integer,
    to_character_id integer,
    amount integer NOT NULL,
    transferred_at timestamp without time zone DEFAULT LOCALTIMESTAMP(0) NOT NULL,
    CONSTRAINT x_gold_transfers_amount_check CHECK ((amount > 0)),
    CONSTRAINT x_gold_transfers_check CHECK (((from_character_id IS NOT NULL) OR (to_character_id IS NOT NULL))),
    CONSTRAINT x_gold_transfers_check1 CHECK (((from_character_id IS NULL) OR (to_character_id IS NULL) OR (from_character_id <> to_character_id)))
);


ALTER TABLE public.x_gold_transfers OWNER TO student;

--
-- Name: x_guild_characters; Type: TABLE; Schema: public; Owner: student
--

CREATE TABLE public.x_guild_characters (
    guild_id integer NOT NULL,
    character_id integer NOT NULL
);


ALTER TABLE public.x_guild_characters OWNER TO student;

--
-- Name: x_guilds; Type: TABLE; Schema: public; Owner: student
--

CREATE TABLE public.x_guilds (
    guild_id integer NOT NULL,
    name character varying(16) NOT NULL,
    owner_id integer NOT NULL
);


ALTER TABLE public.x_guilds OWNER TO student;

--
-- Name: x_guilds_guild_id_seq; Type: SEQUENCE; Schema: public; Owner: student
--

ALTER TABLE public.x_guilds ALTER COLUMN guild_id ADD GENERATED BY DEFAULT AS IDENTITY (
    SEQUENCE NAME public.x_guilds_guild_id_seq
    START WITH 1
    INCREMENT BY 1
    NO MINVALUE
    NO MAXVALUE
    CACHE 1
);


--
-- Name: x_items; Type: TABLE; Schema: public; Owner: student
--

CREATE TABLE public.x_items (
    item_id integer NOT NULL,
    name character varying(32) NOT NULL,
    price integer NOT NULL,
    weight_kg numeric(4,1) NOT NULL,
    description text,
    CONSTRAINT x_items_price_check CHECK ((price >= 0))
);


ALTER TABLE public.x_items OWNER TO student;

--
-- Name: x_items_item_id_seq; Type: SEQUENCE; Schema: public; Owner: student
--

ALTER TABLE public.x_items ALTER COLUMN item_id ADD GENERATED BY DEFAULT AS IDENTITY (
    SEQUENCE NAME public.x_items_item_id_seq
    START WITH 1
    INCREMENT BY 1
    NO MINVALUE
    NO MAXVALUE
    CACHE 1
);


--
-- Name: x_jobs; Type: TABLE; Schema: public; Owner: student
--

CREATE TABLE public.x_jobs (
    job_id integer NOT NULL,
    name character varying(16) NOT NULL,
    attack_gain integer NOT NULL,
    defense_gain integer NOT NULL,
    magic_gain integer NOT NULL
);


ALTER TABLE public.x_jobs OWNER TO student;

--
-- Name: x_jobs_job_id_seq; Type: SEQUENCE; Schema: public; Owner: student
--

ALTER TABLE public.x_jobs ALTER COLUMN job_id ADD GENERATED BY DEFAULT AS IDENTITY (
    SEQUENCE NAME public.x_jobs_job_id_seq
    START WITH 1
    INCREMENT BY 1
    NO MINVALUE
    NO MAXVALUE
    CACHE 1
);


--
-- Name: y_character_items; Type: TABLE; Schema: public; Owner: student
--

CREATE TABLE public.y_character_items (
    character_id integer NOT NULL,
    item_id integer NOT NULL,
    qty integer NOT NULL,
    CONSTRAINT y_character_items_qty_check CHECK ((qty >= 0))
);


ALTER TABLE public.y_character_items OWNER TO student;

--
-- Name: y_characters; Type: TABLE; Schema: public; Owner: student
--

CREATE TABLE public.y_characters (
    character_id integer NOT NULL,
    name character varying(16) NOT NULL,
    job_id integer NOT NULL,
    deleted_at timestamp without time zone
);


ALTER TABLE public.y_characters OWNER TO student;

--
-- Name: y_items; Type: TABLE; Schema: public; Owner: student
--

CREATE TABLE public.y_items (
    item_id integer NOT NULL,
    name character varying(32) NOT NULL
);


ALTER TABLE public.y_items OWNER TO student;

--
-- Name: y_jobs; Type: TABLE; Schema: public; Owner: student
--

CREATE TABLE public.y_jobs (
    job_id integer NOT NULL,
    name character varying(16) NOT NULL
);


ALTER TABLE public.y_jobs OWNER TO student;

--
-- Name: y_jobs_job_id_seq; Type: SEQUENCE; Schema: public; Owner: student
--

ALTER TABLE public.y_jobs ALTER COLUMN job_id ADD GENERATED BY DEFAULT AS IDENTITY (
    SEQUENCE NAME public.y_jobs_job_id_seq
    START WITH 1
    INCREMENT BY 1
    NO MINVALUE
    NO MAXVALUE
    CACHE 1
);


--
-- Data for Name: n_character_items; Type: TABLE DATA; Schema: public; Owner: student
--

INSERT INTO public.n_character_items (character_id, item_id, qty) VALUES (1, 1, 3);
INSERT INTO public.n_character_items (character_id, item_id, qty) VALUES (1, 2, 2);
INSERT INTO public.n_character_items (character_id, item_id, qty) VALUES (1, 3, 1);
INSERT INTO public.n_character_items (character_id, item_id, qty) VALUES (2, 3, 1);
INSERT INTO public.n_character_items (character_id, item_id, qty) VALUES (4, 1, 2);
INSERT INTO public.n_character_items (character_id, item_id, qty) VALUES (4, 5, 3);


--
-- Data for Name: n_characters; Type: TABLE DATA; Schema: public; Owner: student
--

INSERT INTO public.n_characters (character_id, name, job_id) VALUES (1, 'Marvin', 5);
INSERT INTO public.n_characters (character_id, name, job_id) VALUES (2, 'Zach', NULL);
INSERT INTO public.n_characters (character_id, name, job_id) VALUES (3, 'Charlie', 6);
INSERT INTO public.n_characters (character_id, name, job_id) VALUES (4, 'Tom', 1);
INSERT INTO public.n_characters (character_id, name, job_id) VALUES (5, 'Alice', 5);


--
-- Data for Name: n_items; Type: TABLE DATA; Schema: public; Owner: student
--

INSERT INTO public.n_items (item_id, name) VALUES (1, 'Potion');
INSERT INTO public.n_items (item_id, name) VALUES (2, 'High Potion');
INSERT INTO public.n_items (item_id, name) VALUES (3, 'Mega Potion');
INSERT INTO public.n_items (item_id, name) VALUES (4, 'Giga Potion');
INSERT INTO public.n_items (item_id, name) VALUES (5, 'Mana Potion');


--
-- Data for Name: n_jobs; Type: TABLE DATA; Schema: public; Owner: student
--

INSERT INTO public.n_jobs (job_id, name) VALUES (1, 'Fighter');
INSERT INTO public.n_jobs (job_id, name) VALUES (2, 'Monk');
INSERT INTO public.n_jobs (job_id, name) VALUES (3, 'Ninja');
INSERT INTO public.n_jobs (job_id, name) VALUES (4, 'Samurai');
INSERT INTO public.n_jobs (job_id, name) VALUES (5, 'Priest');
INSERT INTO public.n_jobs (job_id, name) VALUES (6, 'Wizard');


--
-- Data for Name: p_characters; Type: TABLE DATA; Schema: public; Owner: student
--

INSERT INTO public.p_characters (character_id, name, level, job_id, user_id) OVERRIDING SYSTEM VALUE VALUES (3, 'Charlie', 33, 6, 1);
INSERT INTO public.p_characters (character_id, name, level, job_id, user_id) OVERRIDING SYSTEM VALUE VALUES (1, 'Alice', 42, NULL, 1);
INSERT INTO public.p_characters (character_id, name, level, job_id, user_id) OVERRIDING SYSTEM VALUE VALUES (2, 'Bob', 33, 2, NULL);


--
-- Data for Name: p_jobs; Type: TABLE DATA; Schema: public; Owner: student
--

INSERT INTO public.p_jobs (job_id, name, attack_gain, defense_gain, magic_gain) VALUES (1, 'Fighter', 3, 5, -2);
INSERT INTO public.p_jobs (job_id, name, attack_gain, defense_gain, magic_gain) VALUES (2, 'Monk', 4, 0, -1);
INSERT INTO public.p_jobs (job_id, name, attack_gain, defense_gain, magic_gain) VALUES (3, 'Ninja', 5, -1, 0);
INSERT INTO public.p_jobs (job_id, name, attack_gain, defense_gain, magic_gain) VALUES (4, 'Samurai', 3, 3, 2);
INSERT INTO public.p_jobs (job_id, name, attack_gain, defense_gain, magic_gain) VALUES (6, 'Wizard', -1, -3, 5);


--
-- Data for Name: p_users; Type: TABLE DATA; Schema: public; Owner: student
--

INSERT INTO public.p_users (user_id, name, email) VALUES (1, 'Sarah Smith', 'sarah.s@example.com');


--
-- Data for Name: s_characters; Type: TABLE DATA; Schema: public; Owner: student
--

INSERT INTO public.s_characters (id, name, job, level, buff, guild, last_login_at, created_on) VALUES (1, 'Marvin', 'Priest', 35, -0.15, 'Yamato', '2025-07-24 13:31:00', '2020-09-23');
INSERT INTO public.s_characters (id, name, job, level, buff, guild, last_login_at, created_on) VALUES (2, 'Zach', 'Ninja', 62, 0.10, 'D.D.D', '2025-07-30 18:33:00', '2020-10-25');
INSERT INTO public.s_characters (id, name, job, level, buff, guild, last_login_at, created_on) VALUES (3, 'Charlie', 'Wizard', 57, 0.00, NULL, '2025-07-29 20:37:00', '2020-12-05');
INSERT INTO public.s_characters (id, name, job, level, buff, guild, last_login_at, created_on) VALUES (4, 'Tom', 'Fighter', 1, 0.00, NULL, NULL, '2020-12-05');
INSERT INTO public.s_characters (id, name, job, level, buff, guild, last_login_at, created_on) VALUES (5, 'Ivan', 'Monk', 39, -0.07, NULL, '2025-07-18 19:29:00', '2021-02-15');
INSERT INTO public.s_characters (id, name, job, level, buff, guild, last_login_at, created_on) VALUES (6, 'Alice', 'Priest', 42, 0.00, 'Yamato', '2025-09-18 14:22:00', '2021-06-14');
INSERT INTO public.s_characters (id, name, job, level, buff, guild, last_login_at, created_on) VALUES (7, 'Trudy', 'Fighter', 48, 0.00, 'Yamato', '2025-09-29 12:37:00', '2021-11-28');
INSERT INTO public.s_characters (id, name, job, level, buff, guild, last_login_at, created_on) VALUES (8, 'Bob', 'Monk', 33, 0.05, 'hameln', '2025-08-03 09:11:00', '2022-03-22');
INSERT INTO public.s_characters (id, name, job, level, buff, guild, last_login_at, created_on) VALUES (9, 'Walter', 'Samurai', 73, 0.00, NULL, '2025-09-14 22:10:00', '2022-04-06');
INSERT INTO public.s_characters (id, name, job, level, buff, guild, last_login_at, created_on) VALUES (10, 'Oscar', 'Fighter', 44, 0.05, 'hameln', '2025-09-10 21:00:00', '2022-11-10');
INSERT INTO public.s_characters (id, name, job, level, buff, guild, last_login_at, created_on) VALUES (11, 'Ellen', 'Wizard', 51, 0.10, 'D.D.D', '2025-09-25 23:55:00', '2022-08-30');
INSERT INTO public.s_characters (id, name, job, level, buff, guild, last_login_at, created_on) VALUES (12, 'Dave', 'Samurai', 68, 0.00, 'Yamato', '2025-08-15 16:08:00', '2023-01-19');
INSERT INTO public.s_characters (id, name, job, level, buff, guild, last_login_at, created_on) VALUES (13, 'Mallet', 'Wizard', 64, 0.10, 'D.D.D', '2025-08-27 18:50:00', '2023-02-02');
INSERT INTO public.s_characters (id, name, job, level, buff, guild, last_login_at, created_on) VALUES (14, 'Eve', 'Ninja', 46, 0.10, 'D.D.D', '2025-10-07 10:17:00', '2023-09-07');
INSERT INTO public.s_characters (id, name, job, level, buff, guild, last_login_at, created_on) VALUES (15, 'Trent', 'Priest', 50, 0.00, 'Yamato', '2025-10-11 17:20:00', '2023-10-04');
INSERT INTO public.s_characters (id, name, job, level, buff, guild, last_login_at, created_on) VALUES (16, 'Steve', 'Samurai', 70, 0.05, 'hameln', '2025-10-06 09:14:00', '2024-01-27');
INSERT INTO public.s_characters (id, name, job, level, buff, guild, last_login_at, created_on) VALUES (17, 'Wendy', 'Fighter', 56, 0.10, 'D.D.D', '2025-08-08 10:56:00', '2024-03-18');
INSERT INTO public.s_characters (id, name, job, level, buff, guild, last_login_at, created_on) VALUES (18, 'Carol', 'Priest', 28, -0.20, NULL, '2025-10-03 11:42:00', '2024-05-11');
INSERT INTO public.s_characters (id, name, job, level, buff, guild, last_login_at, created_on) VALUES (19, 'Jack', 'Wizard', 61, 0.05, 'hameln', '2025-09-02 15:43:00', '2024-07-12');


--
-- Data for Name: s_users; Type: TABLE DATA; Schema: public; Owner: student
--

INSERT INTO public.s_users (id, name, age) VALUES (1, 'Alice', 20);
INSERT INTO public.s_users (id, name, age) VALUES (2, 'Bob', 25);


--
-- Data for Name: x_character_items; Type: TABLE DATA; Schema: public; Owner: student
--

INSERT INTO public.x_character_items (character_id, item_id, qty) VALUES (1, 1, 2);
INSERT INTO public.x_character_items (character_id, item_id, qty) VALUES (1, 7, 1);
INSERT INTO public.x_character_items (character_id, item_id, qty) VALUES (1, 10, 1);
INSERT INTO public.x_character_items (character_id, item_id, qty) VALUES (2, 3, 1);
INSERT INTO public.x_character_items (character_id, item_id, qty) VALUES (2, 11, 2);
INSERT INTO public.x_character_items (character_id, item_id, qty) VALUES (3, 6, 1);
INSERT INTO public.x_character_items (character_id, item_id, qty) VALUES (3, 9, 2);
INSERT INTO public.x_character_items (character_id, item_id, qty) VALUES (4, 1, 1);
INSERT INTO public.x_character_items (character_id, item_id, qty) VALUES (5, 2, 2);
INSERT INTO public.x_character_items (character_id, item_id, qty) VALUES (5, 7, 1);
INSERT INTO public.x_character_items (character_id, item_id, qty) VALUES (6, 5, 2);
INSERT INTO public.x_character_items (character_id, item_id, qty) VALUES (6, 9, 1);
INSERT INTO public.x_character_items (character_id, item_id, qty) VALUES (6, 10, 1);
INSERT INTO public.x_character_items (character_id, item_id, qty) VALUES (7, 1, 10);
INSERT INTO public.x_character_items (character_id, item_id, qty) VALUES (7, 12, 1);
INSERT INTO public.x_character_items (character_id, item_id, qty) VALUES (7, 11, 1);
INSERT INTO public.x_character_items (character_id, item_id, qty) VALUES (9, 1, 1);
INSERT INTO public.x_character_items (character_id, item_id, qty) VALUES (9, 7, 2);
INSERT INTO public.x_character_items (character_id, item_id, qty) VALUES (9, 9, 1);
INSERT INTO public.x_character_items (character_id, item_id, qty) VALUES (9, 10, 1);
INSERT INTO public.x_character_items (character_id, item_id, qty) VALUES (12, 3, 1);
INSERT INTO public.x_character_items (character_id, item_id, qty) VALUES (12, 11, 2);
INSERT INTO public.x_character_items (character_id, item_id, qty) VALUES (13, 6, 2);
INSERT INTO public.x_character_items (character_id, item_id, qty) VALUES (13, 9, 1);
INSERT INTO public.x_character_items (character_id, item_id, qty) VALUES (14, 2, 1);
INSERT INTO public.x_character_items (character_id, item_id, qty) VALUES (14, 5, 3);
INSERT INTO public.x_character_items (character_id, item_id, qty) VALUES (14, 10, 1);
INSERT INTO public.x_character_items (character_id, item_id, qty) VALUES (15, 1, 2);
INSERT INTO public.x_character_items (character_id, item_id, qty) VALUES (15, 11, 3);
INSERT INTO public.x_character_items (character_id, item_id, qty) VALUES (16, 7, 2);
INSERT INTO public.x_character_items (character_id, item_id, qty) VALUES (16, 10, 1);
INSERT INTO public.x_character_items (character_id, item_id, qty) VALUES (17, 5, 4);
INSERT INTO public.x_character_items (character_id, item_id, qty) VALUES (17, 11, 1);
INSERT INTO public.x_character_items (character_id, item_id, qty) VALUES (18, 7, 2);
INSERT INTO public.x_character_items (character_id, item_id, qty) VALUES (19, 3, 1);
INSERT INTO public.x_character_items (character_id, item_id, qty) VALUES (19, 6, 1);
INSERT INTO public.x_character_items (character_id, item_id, qty) VALUES (19, 9, 1);
INSERT INTO public.x_character_items (character_id, item_id, qty) VALUES (19, 10, 2);


--
-- Data for Name: x_characters; Type: TABLE DATA; Schema: public; Owner: student
--

INSERT INTO public.x_characters (character_id, name, level, job_id, created_at, deleted_at) VALUES (1, 'Marvin', 35, 5, '2020-09-23 13:32:00', NULL);
INSERT INTO public.x_characters (character_id, name, level, job_id, created_at, deleted_at) VALUES (2, 'Zach', 62, 3, '2020-10-25 21:12:00', NULL);
INSERT INTO public.x_characters (character_id, name, level, job_id, created_at, deleted_at) VALUES (3, 'Charlie', 57, 6, '2020-12-05 10:15:00', NULL);
INSERT INTO public.x_characters (character_id, name, level, job_id, created_at, deleted_at) VALUES (4, 'Tom', 1, 1, '2020-12-05 18:40:00', NULL);
INSERT INTO public.x_characters (character_id, name, level, job_id, created_at, deleted_at) VALUES (5, 'Ivan', 39, 2, '2021-02-15 09:05:00', NULL);
INSERT INTO public.x_characters (character_id, name, level, job_id, created_at, deleted_at) VALUES (6, 'Alice', 42, 5, '2021-06-14 14:20:00', NULL);
INSERT INTO public.x_characters (character_id, name, level, job_id, created_at, deleted_at) VALUES (7, 'Trudy', 48, 1, '2021-11-28 19:10:00', NULL);
INSERT INTO public.x_characters (character_id, name, level, job_id, created_at, deleted_at) VALUES (8, 'Bob', 33, 2, '2022-03-22 11:45:00', NULL);
INSERT INTO public.x_characters (character_id, name, level, job_id, created_at, deleted_at) VALUES (10, 'Oscar', 44, 1, '2022-11-10 16:30:00', NULL);
INSERT INTO public.x_characters (character_id, name, level, job_id, created_at, deleted_at) VALUES (11, 'Ellen', 51, 6, '2022-08-30 20:55:00', NULL);
INSERT INTO public.x_characters (character_id, name, level, job_id, created_at, deleted_at) VALUES (12, 'Dave', 68, 4, '2023-01-19 15:08:00', NULL);
INSERT INTO public.x_characters (character_id, name, level, job_id, created_at, deleted_at) VALUES (13, 'Mallet', 64, 6, '2023-02-02 18:50:00', NULL);
INSERT INTO public.x_characters (character_id, name, level, job_id, created_at, deleted_at) VALUES (14, 'Eve', 46, 3, '2023-09-07 10:17:00', NULL);
INSERT INTO public.x_characters (character_id, name, level, job_id, created_at, deleted_at) VALUES (16, 'Steve', 70, 4, '2024-01-27 09:14:00', NULL);
INSERT INTO public.x_characters (character_id, name, level, job_id, created_at, deleted_at) VALUES (17, 'Wendy', 56, 1, '2024-03-18 10:56:00', NULL);
INSERT INTO public.x_characters (character_id, name, level, job_id, created_at, deleted_at) VALUES (18, 'Carol', 28, 5, '2024-05-11 11:42:00', NULL);
INSERT INTO public.x_characters (character_id, name, level, job_id, created_at, deleted_at) VALUES (19, 'Jack', 61, 6, '2024-07-12 15:43:00', NULL);
INSERT INTO public.x_characters (character_id, name, level, job_id, created_at, deleted_at) VALUES (9, 'Walter', 73, 4, '2022-04-06 22:10:00', '2023-08-31 07:10:00');
INSERT INTO public.x_characters (character_id, name, level, job_id, created_at, deleted_at) VALUES (15, 'Trent', 50, 5, '2023-10-04 17:20:00', '2024-01-02 23:25:00');


--
-- Data for Name: x_gold_transfers; Type: TABLE DATA; Schema: public; Owner: student
--



--
-- Data for Name: x_guild_characters; Type: TABLE DATA; Schema: public; Owner: student
--

INSERT INTO public.x_guild_characters (guild_id, character_id) VALUES (1, 1);
INSERT INTO public.x_guild_characters (guild_id, character_id) VALUES (1, 12);
INSERT INTO public.x_guild_characters (guild_id, character_id) VALUES (1, 15);
INSERT INTO public.x_guild_characters (guild_id, character_id) VALUES (1, 6);
INSERT INTO public.x_guild_characters (guild_id, character_id) VALUES (1, 7);
INSERT INTO public.x_guild_characters (guild_id, character_id) VALUES (2, 11);
INSERT INTO public.x_guild_characters (guild_id, character_id) VALUES (2, 2);
INSERT INTO public.x_guild_characters (guild_id, character_id) VALUES (2, 6);
INSERT INTO public.x_guild_characters (guild_id, character_id) VALUES (2, 13);
INSERT INTO public.x_guild_characters (guild_id, character_id) VALUES (2, 14);
INSERT INTO public.x_guild_characters (guild_id, character_id) VALUES (2, 17);
INSERT INTO public.x_guild_characters (guild_id, character_id) VALUES (3, 8);
INSERT INTO public.x_guild_characters (guild_id, character_id) VALUES (3, 10);
INSERT INTO public.x_guild_characters (guild_id, character_id) VALUES (3, 12);
INSERT INTO public.x_guild_characters (guild_id, character_id) VALUES (3, 16);
INSERT INTO public.x_guild_characters (guild_id, character_id) VALUES (3, 19);


--
-- Data for Name: x_guilds; Type: TABLE DATA; Schema: public; Owner: student
--

INSERT INTO public.x_guilds (guild_id, name, owner_id) VALUES (1, 'Yamato', 1);
INSERT INTO public.x_guilds (guild_id, name, owner_id) VALUES (2, 'D.D.D', 11);
INSERT INTO public.x_guilds (guild_id, name, owner_id) VALUES (3, 'hameln', 8);


--
-- Data for Name: x_items; Type: TABLE DATA; Schema: public; Owner: student
--

INSERT INTO public.x_items (item_id, name, price, weight_kg, description) VALUES (1, 'Potion', 200, 0.2, '単体HPを小回復');
INSERT INTO public.x_items (item_id, name, price, weight_kg, description) VALUES (2, 'High Potion', 600, 0.2, '単体HPを中回復');
INSERT INTO public.x_items (item_id, name, price, weight_kg, description) VALUES (3, 'Mega Potion', 1200, 0.3, '単体HPを大回復');
INSERT INTO public.x_items (item_id, name, price, weight_kg, description) VALUES (4, 'Giga Potion', 4000, 0.3, '単体HPを完全回復');
INSERT INTO public.x_items (item_id, name, price, weight_kg, description) VALUES (5, 'Mana Potion', 1000, 0.1, '単体MPを小回復');
INSERT INTO public.x_items (item_id, name, price, weight_kg, description) VALUES (6, 'High Mana Potion', 5000, 0.2, '単体MPを大回復');
INSERT INTO public.x_items (item_id, name, price, weight_kg, description) VALUES (7, 'Antidote', 300, 0.1, '毒状態を回復');
INSERT INTO public.x_items (item_id, name, price, weight_kg, description) VALUES (8, 'Paralyze Cure', 600, 0.1, '麻痺状態を回復');
INSERT INTO public.x_items (item_id, name, price, weight_kg, description) VALUES (9, 'Angel Feather', 1200, 0.1, '戦闘不能を回復');
INSERT INTO public.x_items (item_id, name, price, weight_kg, description) VALUES (10, 'Chimera Wing', 500, 0.1, '指定の街に瞬間移動');
INSERT INTO public.x_items (item_id, name, price, weight_kg, description) VALUES (11, 'Torch', 820, 1.5, '洞窟内を明るく照らす');
INSERT INTO public.x_items (item_id, name, price, weight_kg, description) VALUES (12, 'Climbing Rope', 1000, 1.5, '崖や段差を乗り越える');


--
-- Data for Name: x_jobs; Type: TABLE DATA; Schema: public; Owner: student
--

INSERT INTO public.x_jobs (job_id, name, attack_gain, defense_gain, magic_gain) VALUES (1, 'Fighter', 3, 5, -2);
INSERT INTO public.x_jobs (job_id, name, attack_gain, defense_gain, magic_gain) VALUES (2, 'Monk', 4, 0, -1);
INSERT INTO public.x_jobs (job_id, name, attack_gain, defense_gain, magic_gain) VALUES (3, 'Ninja', 5, -1, 0);
INSERT INTO public.x_jobs (job_id, name, attack_gain, defense_gain, magic_gain) VALUES (4, 'Samurai', 3, 3, 2);
INSERT INTO public.x_jobs (job_id, name, attack_gain, defense_gain, magic_gain) VALUES (5, 'Priest', 0, -1, 4);
INSERT INTO public.x_jobs (job_id, name, attack_gain, defense_gain, magic_gain) VALUES (6, 'Wizard', -1, -3, 5);


--
-- Data for Name: y_character_items; Type: TABLE DATA; Schema: public; Owner: student
--

INSERT INTO public.y_character_items (character_id, item_id, qty) VALUES (1, 1, 3);
INSERT INTO public.y_character_items (character_id, item_id, qty) VALUES (5, 1, 2);
INSERT INTO public.y_character_items (character_id, item_id, qty) VALUES (5, 2, 1);
INSERT INTO public.y_character_items (character_id, item_id, qty) VALUES (1, 3, 1);
INSERT INTO public.y_character_items (character_id, item_id, qty) VALUES (2, 3, 3);
INSERT INTO public.y_character_items (character_id, item_id, qty) VALUES (4, 1, 2);
INSERT INTO public.y_character_items (character_id, item_id, qty) VALUES (5, 5, 2);


--
-- Data for Name: y_characters; Type: TABLE DATA; Schema: public; Owner: student
--

INSERT INTO public.y_characters (character_id, name, job_id, deleted_at) VALUES (1, 'Marvin', 5, NULL);
INSERT INTO public.y_characters (character_id, name, job_id, deleted_at) VALUES (3, 'Charlie', 6, NULL);
INSERT INTO public.y_characters (character_id, name, job_id, deleted_at) VALUES (4, 'Tom', 1, NULL);
INSERT INTO public.y_characters (character_id, name, job_id, deleted_at) VALUES (6, 'Oscar', 1, NULL);
INSERT INTO public.y_characters (character_id, name, job_id, deleted_at) VALUES (2, 'Zach', 3, '2025-12-31 07:10:00');
INSERT INTO public.y_characters (character_id, name, job_id, deleted_at) VALUES (5, 'Alice', 5, '2025-12-31 07:10:00');


--
-- Data for Name: y_items; Type: TABLE DATA; Schema: public; Owner: student
--

INSERT INTO public.y_items (item_id, name) VALUES (1, 'Potion');
INSERT INTO public.y_items (item_id, name) VALUES (2, 'Map');
INSERT INTO public.y_items (item_id, name) VALUES (3, 'Compass');
INSERT INTO public.y_items (item_id, name) VALUES (4, 'Rope');
INSERT INTO public.y_items (item_id, name) VALUES (5, 'Knife');


--
-- Data for Name: y_jobs; Type: TABLE DATA; Schema: public; Owner: student
--

INSERT INTO public.y_jobs (job_id, name) VALUES (1, 'Fighter');
INSERT INTO public.y_jobs (job_id, name) VALUES (2, 'Monk');
INSERT INTO public.y_jobs (job_id, name) VALUES (3, 'Ninja');
INSERT INTO public.y_jobs (job_id, name) VALUES (4, 'Samurai');
INSERT INTO public.y_jobs (job_id, name) VALUES (5, 'Priest');
INSERT INTO public.y_jobs (job_id, name) VALUES (6, 'Wizard');


--
-- Name: p_characters_character_id_seq; Type: SEQUENCE SET; Schema: public; Owner: student
--

SELECT pg_catalog.setval('public.p_characters_character_id_seq', 3, true);


--
-- Name: s_characters_id_seq; Type: SEQUENCE SET; Schema: public; Owner: student
--

SELECT pg_catalog.setval('public.s_characters_id_seq', 23, true);


--
-- Name: x_characters_character_id_seq; Type: SEQUENCE SET; Schema: public; Owner: student
--

SELECT pg_catalog.setval('public.x_characters_character_id_seq', 1, false);


--
-- Name: x_guilds_guild_id_seq; Type: SEQUENCE SET; Schema: public; Owner: student
--

SELECT pg_catalog.setval('public.x_guilds_guild_id_seq', 1, false);


--
-- Name: x_items_item_id_seq; Type: SEQUENCE SET; Schema: public; Owner: student
--

SELECT pg_catalog.setval('public.x_items_item_id_seq', 1, false);


--
-- Name: x_jobs_job_id_seq; Type: SEQUENCE SET; Schema: public; Owner: student
--

SELECT pg_catalog.setval('public.x_jobs_job_id_seq', 1, false);


--
-- Name: y_jobs_job_id_seq; Type: SEQUENCE SET; Schema: public; Owner: student
--

SELECT pg_catalog.setval('public.y_jobs_job_id_seq', 1, false);


--
-- Name: n_character_items n_character_items_pkey; Type: CONSTRAINT; Schema: public; Owner: student
--

ALTER TABLE ONLY public.n_character_items
    ADD CONSTRAINT n_character_items_pkey PRIMARY KEY (character_id, item_id);


--
-- Name: n_characters n_characters_pkey; Type: CONSTRAINT; Schema: public; Owner: student
--

ALTER TABLE ONLY public.n_characters
    ADD CONSTRAINT n_characters_pkey PRIMARY KEY (character_id);


--
-- Name: n_items n_items_name_key; Type: CONSTRAINT; Schema: public; Owner: student
--

ALTER TABLE ONLY public.n_items
    ADD CONSTRAINT n_items_name_key UNIQUE (name);


--
-- Name: n_items n_items_pkey; Type: CONSTRAINT; Schema: public; Owner: student
--

ALTER TABLE ONLY public.n_items
    ADD CONSTRAINT n_items_pkey PRIMARY KEY (item_id);


--
-- Name: n_jobs n_jobs_name_key; Type: CONSTRAINT; Schema: public; Owner: student
--

ALTER TABLE ONLY public.n_jobs
    ADD CONSTRAINT n_jobs_name_key UNIQUE (name);


--
-- Name: n_jobs n_jobs_pkey; Type: CONSTRAINT; Schema: public; Owner: student
--

ALTER TABLE ONLY public.n_jobs
    ADD CONSTRAINT n_jobs_pkey PRIMARY KEY (job_id);


--
-- Name: p_characters p_characters_pkey; Type: CONSTRAINT; Schema: public; Owner: student
--

ALTER TABLE ONLY public.p_characters
    ADD CONSTRAINT p_characters_pkey PRIMARY KEY (character_id);


--
-- Name: p_jobs p_jobs_pkey; Type: CONSTRAINT; Schema: public; Owner: student
--

ALTER TABLE ONLY public.p_jobs
    ADD CONSTRAINT p_jobs_pkey PRIMARY KEY (job_id);


--
-- Name: p_users p_users_pkey; Type: CONSTRAINT; Schema: public; Owner: student
--

ALTER TABLE ONLY public.p_users
    ADD CONSTRAINT p_users_pkey PRIMARY KEY (user_id);


--
-- Name: s_characters s_characters_pkey; Type: CONSTRAINT; Schema: public; Owner: student
--

ALTER TABLE ONLY public.s_characters
    ADD CONSTRAINT s_characters_pkey PRIMARY KEY (id);


--
-- Name: s_users s_users_pkey; Type: CONSTRAINT; Schema: public; Owner: student
--

ALTER TABLE ONLY public.s_users
    ADD CONSTRAINT s_users_pkey PRIMARY KEY (id);


--
-- Name: x_character_items x_character_items_pkey; Type: CONSTRAINT; Schema: public; Owner: student
--

ALTER TABLE ONLY public.x_character_items
    ADD CONSTRAINT x_character_items_pkey PRIMARY KEY (character_id, item_id);


--
-- Name: x_characters x_characters_pkey; Type: CONSTRAINT; Schema: public; Owner: student
--

ALTER TABLE ONLY public.x_characters
    ADD CONSTRAINT x_characters_pkey PRIMARY KEY (character_id);


--
-- Name: x_gold_transfers x_gold_transfers_pkey; Type: CONSTRAINT; Schema: public; Owner: student
--

ALTER TABLE ONLY public.x_gold_transfers
    ADD CONSTRAINT x_gold_transfers_pkey PRIMARY KEY (transfer_id);


--
-- Name: x_guild_characters x_guild_characters_pkey; Type: CONSTRAINT; Schema: public; Owner: student
--

ALTER TABLE ONLY public.x_guild_characters
    ADD CONSTRAINT x_guild_characters_pkey PRIMARY KEY (character_id, guild_id);


--
-- Name: x_guilds x_guilds_name_key; Type: CONSTRAINT; Schema: public; Owner: student
--

ALTER TABLE ONLY public.x_guilds
    ADD CONSTRAINT x_guilds_name_key UNIQUE (name);


--
-- Name: x_guilds x_guilds_pkey; Type: CONSTRAINT; Schema: public; Owner: student
--

ALTER TABLE ONLY public.x_guilds
    ADD CONSTRAINT x_guilds_pkey PRIMARY KEY (guild_id);


--
-- Name: x_items x_items_name_key; Type: CONSTRAINT; Schema: public; Owner: student
--

ALTER TABLE ONLY public.x_items
    ADD CONSTRAINT x_items_name_key UNIQUE (name);


--
-- Name: x_items x_items_pkey; Type: CONSTRAINT; Schema: public; Owner: student
--

ALTER TABLE ONLY public.x_items
    ADD CONSTRAINT x_items_pkey PRIMARY KEY (item_id);


--
-- Name: x_jobs x_jobs_name_key; Type: CONSTRAINT; Schema: public; Owner: student
--

ALTER TABLE ONLY public.x_jobs
    ADD CONSTRAINT x_jobs_name_key UNIQUE (name);


--
-- Name: x_jobs x_jobs_pkey; Type: CONSTRAINT; Schema: public; Owner: student
--

ALTER TABLE ONLY public.x_jobs
    ADD CONSTRAINT x_jobs_pkey PRIMARY KEY (job_id);


--
-- Name: y_character_items y_character_items_pkey; Type: CONSTRAINT; Schema: public; Owner: student
--

ALTER TABLE ONLY public.y_character_items
    ADD CONSTRAINT y_character_items_pkey PRIMARY KEY (character_id, item_id);


--
-- Name: y_characters y_characters_pkey; Type: CONSTRAINT; Schema: public; Owner: student
--

ALTER TABLE ONLY public.y_characters
    ADD CONSTRAINT y_characters_pkey PRIMARY KEY (character_id);


--
-- Name: y_items y_items_name_key; Type: CONSTRAINT; Schema: public; Owner: student
--

ALTER TABLE ONLY public.y_items
    ADD CONSTRAINT y_items_name_key UNIQUE (name);


--
-- Name: y_items y_items_pkey; Type: CONSTRAINT; Schema: public; Owner: student
--

ALTER TABLE ONLY public.y_items
    ADD CONSTRAINT y_items_pkey PRIMARY KEY (item_id);


--
-- Name: y_jobs y_jobs_name_key; Type: CONSTRAINT; Schema: public; Owner: student
--

ALTER TABLE ONLY public.y_jobs
    ADD CONSTRAINT y_jobs_name_key UNIQUE (name);


--
-- Name: y_jobs y_jobs_pkey; Type: CONSTRAINT; Schema: public; Owner: student
--

ALTER TABLE ONLY public.y_jobs
    ADD CONSTRAINT y_jobs_pkey PRIMARY KEY (job_id);


--
-- Name: n_character_items n_character_items_character_id_fkey; Type: FK CONSTRAINT; Schema: public; Owner: student
--

ALTER TABLE ONLY public.n_character_items
    ADD CONSTRAINT n_character_items_character_id_fkey FOREIGN KEY (character_id) REFERENCES public.n_characters(character_id) ON DELETE CASCADE;


--
-- Name: n_character_items n_character_items_item_id_fkey; Type: FK CONSTRAINT; Schema: public; Owner: student
--

ALTER TABLE ONLY public.n_character_items
    ADD CONSTRAINT n_character_items_item_id_fkey FOREIGN KEY (item_id) REFERENCES public.n_items(item_id);


--
-- Name: n_characters n_characters_job_id_fkey; Type: FK CONSTRAINT; Schema: public; Owner: student
--

ALTER TABLE ONLY public.n_characters
    ADD CONSTRAINT n_characters_job_id_fkey FOREIGN KEY (job_id) REFERENCES public.n_jobs(job_id) ON DELETE SET NULL;


--
-- Name: p_characters p_characters_job_id_fkey; Type: FK CONSTRAINT; Schema: public; Owner: student
--

ALTER TABLE ONLY public.p_characters
    ADD CONSTRAINT p_characters_job_id_fkey FOREIGN KEY (job_id) REFERENCES public.p_jobs(job_id) ON DELETE SET NULL;


--
-- Name: p_characters p_characters_user_id_fkey; Type: FK CONSTRAINT; Schema: public; Owner: student
--

ALTER TABLE ONLY public.p_characters
    ADD CONSTRAINT p_characters_user_id_fkey FOREIGN KEY (user_id) REFERENCES public.p_users(user_id) ON DELETE SET NULL;


--
-- Name: x_character_items x_character_items_character_id_fkey; Type: FK CONSTRAINT; Schema: public; Owner: student
--

ALTER TABLE ONLY public.x_character_items
    ADD CONSTRAINT x_character_items_character_id_fkey FOREIGN KEY (character_id) REFERENCES public.x_characters(character_id) ON DELETE CASCADE;


--
-- Name: x_character_items x_character_items_item_id_fkey; Type: FK CONSTRAINT; Schema: public; Owner: student
--

ALTER TABLE ONLY public.x_character_items
    ADD CONSTRAINT x_character_items_item_id_fkey FOREIGN KEY (item_id) REFERENCES public.x_items(item_id);


--
-- Name: x_characters x_characters_job_id_fkey; Type: FK CONSTRAINT; Schema: public; Owner: student
--

ALTER TABLE ONLY public.x_characters
    ADD CONSTRAINT x_characters_job_id_fkey FOREIGN KEY (job_id) REFERENCES public.x_jobs(job_id);


--
-- Name: x_gold_transfers x_gold_transfers_from_character_id_fkey; Type: FK CONSTRAINT; Schema: public; Owner: student
--

ALTER TABLE ONLY public.x_gold_transfers
    ADD CONSTRAINT x_gold_transfers_from_character_id_fkey FOREIGN KEY (from_character_id) REFERENCES public.x_characters(character_id);


--
-- Name: x_gold_transfers x_gold_transfers_to_character_id_fkey; Type: FK CONSTRAINT; Schema: public; Owner: student
--

ALTER TABLE ONLY public.x_gold_transfers
    ADD CONSTRAINT x_gold_transfers_to_character_id_fkey FOREIGN KEY (to_character_id) REFERENCES public.x_characters(character_id);


--
-- Name: x_guild_characters x_guild_characters_character_id_fkey; Type: FK CONSTRAINT; Schema: public; Owner: student
--

ALTER TABLE ONLY public.x_guild_characters
    ADD CONSTRAINT x_guild_characters_character_id_fkey FOREIGN KEY (character_id) REFERENCES public.x_characters(character_id) ON DELETE CASCADE;


--
-- Name: x_guild_characters x_guild_characters_guild_id_fkey; Type: FK CONSTRAINT; Schema: public; Owner: student
--

ALTER TABLE ONLY public.x_guild_characters
    ADD CONSTRAINT x_guild_characters_guild_id_fkey FOREIGN KEY (guild_id) REFERENCES public.x_guilds(guild_id) ON DELETE CASCADE;


--
-- Name: x_guilds x_guilds_owner_id_fkey; Type: FK CONSTRAINT; Schema: public; Owner: student
--

ALTER TABLE ONLY public.x_guilds
    ADD CONSTRAINT x_guilds_owner_id_fkey FOREIGN KEY (owner_id) REFERENCES public.x_characters(character_id) ON DELETE CASCADE;


--
-- Name: y_character_items y_character_items_character_id_fkey; Type: FK CONSTRAINT; Schema: public; Owner: student
--

ALTER TABLE ONLY public.y_character_items
    ADD CONSTRAINT y_character_items_character_id_fkey FOREIGN KEY (character_id) REFERENCES public.y_characters(character_id) ON DELETE CASCADE;


--
-- Name: y_character_items y_character_items_item_id_fkey; Type: FK CONSTRAINT; Schema: public; Owner: student
--

ALTER TABLE ONLY public.y_character_items
    ADD CONSTRAINT y_character_items_item_id_fkey FOREIGN KEY (item_id) REFERENCES public.y_items(item_id);


--
-- Name: y_characters y_characters_job_id_fkey; Type: FK CONSTRAINT; Schema: public; Owner: student
--

ALTER TABLE ONLY public.y_characters
    ADD CONSTRAINT y_characters_job_id_fkey FOREIGN KEY (job_id) REFERENCES public.y_jobs(job_id);


--
-- PostgreSQL database dump complete
--

\unrestrict 8bn21AfHoJLZYqsto35OyEybQep3Kr9I2YP47mwsHmuOn8XhJZan887prOQAWd5

